log_likelihood,silhouette_score,calinski_harabasz_score,davies_bouldin_score,recovery_occupancy_pct,baseline_occupancy_pct,strain_occupancy_pct,recovery_mean_severity,baseline_mean_severity,strain_mean_severity,eval_rows,eval_users,fold,experiment,condition,model
-8.774283603833164,0.16963738152914073,2797.448941076279,1.8304962655126955,43.66847826086956,28.795289855072465,27.536231884057973,3.7158984563629094,5.949152596468761,6.023232949059261,11040.0,60.0,1,Exp1_Synth_to_Synth,Synthetic_Baseline,GMM
0.0,0.030427325817888432,726.3368396641068,4.429123864839762,34.130434782608695,32.22826086956522,33.641304347826086,3.213036898642411,4.908946328206402,6.883300123208657,11040.0,60.0,1,Exp1_Synth_to_Synth,Synthetic_Baseline,Severity_Tercile
0.0,0.18379605286214035,2946.998975581328,1.7432639840348436,44.7463768115942,28.55978260869565,26.693840579710145,3.62592023037125,6.0572609487704785,6.15091313808369,11040.0,60.0,1,Exp1_Synth_to_Synth,Synthetic_Baseline,KMeans
-8.266194344298047,0.21916930923255165,365.316858712863,1.5387226060284742,41.63265306122449,30.816326530612244,27.55102040816326,3.5365537787270225,6.4987301887592475,6.626973750708662,980.0,13.0,1,Exp2_Real_to_Real,Real_Only_Baseline,GMM
0.0,0.02801761435569208,61.6544195009729,4.316911475119752,32.142857142857146,32.44897959183673,35.40816326530612,3.0427063900604496,5.109100889328856,7.526417221157461,980.0,13.0,1,Exp2_Real_to_Real,Real_Only_Baseline,Severity_Tercile
0.0,0.2327131035445721,376.2146387255137,1.4832025920906358,45.91836734693878,30.816326530612244,23.26530612244898,3.641889162284842,6.489081554350979,7.001143065680185,980.0,13.0,1,Exp2_Real_to_Real,Real_Only_Baseline,KMeans
-9.094896318620393,0.21693006894787698,331.9450885986461,1.5436260823629613,42.55102040816327,31.122448979591837,26.3265306122449,3.5537833456896744,6.477114058168046,6.733976467144993,980.0,13.0,1,Exp3_Synth_to_Real,ZeroShot_Transfer,GMM
0.0,0.03219703377254712,83.31774243900225,3.722500425292051,31.22448979591837,27.55102040816326,41.224489795918366,3.0086370641727074,4.919889464912597,7.291584837262394,980.0,13.0,1,Exp3_Synth_to_Real,ZeroShot_Transfer,Severity_Tercile
0.0,0.22429617862260948,343.9211740855648,1.5060202033335595,40.61224489795918,32.6530612244898,26.73469387755102,3.425625725356706,6.45559322773084,6.739024808593201,980.0,13.0,1,Exp3_Synth_to_Real,ZeroShot_Transfer,KMeans
-8.763450859692142,0.2166605533728739,339.63745450913734,1.5472844002162347,42.6530612244898,31.22448979591837,26.122448979591837,3.5609188907128413,6.4701070988948395,6.744126964208859,980.0,13.0,1,Exp4_Synth_Plus_Real_to_Real,Ratio_1:1,GMM
-8.910134106400525,0.21711962855145656,336.06752729319055,1.5436043857273045,42.6530612244898,31.326530612244895,26.02040816326531,3.5536504982305845,6.467161218449049,6.760662623894173,980.0,13.0,1,Exp4_Synth_Plus_Real_to_Real,Ratio_2:1,GMM
-8.982933042925437,0.2172438897824962,334.74574481900646,1.5431104678173926,42.55102040816327,31.326530612244895,26.122448979591837,3.551021421051186,6.467161218449049,6.752417753027554,980.0,13.0,1,Exp4_Synth_Plus_Real_to_Real,Ratio_4:1,GMM
-8.784579313545327,0.16979657328728565,2792.368467551735,1.8393905473774181,43.74094202898551,28.442028985507246,27.817028985507246,3.720386267498933,5.936430402578253,6.044689747195031,11040.0,60.0,2,Exp1_Synth_to_Synth,Synthetic_Baseline,GMM
0.0,0.028898458502973328,711.1798373320254,4.4751230253358605,33.77717391304348,32.518115942028984,33.70471014492754,3.2165194453876182,4.910660272253643,6.865280186574307,11040.0,60.0,2,Exp1_Synth_to_Synth,Synthetic_Baseline,Severity_Tercile
0.0,0.18196367991370804,2920.783117284476,1.7601366891512873,44.64673913043478,28.08876811594203,27.264492753623188,3.640428042705758,6.0335459167639245,6.151389785083852,11040.0,60.0,2,Exp1_Synth_to_Synth,Synthetic_Baseline,KMeans
-7.942796162521346,0.22462002778269793,294.43675187564696,1.4955961639458841,41.84100418410041,30.683403068340308,27.475592747559276,3.4785499138239993,6.3060734291328675,6.608784102274327,717.0,12.0,2,Exp2_Real_to_Real,Real_Only_Baseline,GMM
0.0,0.03582848147926656,46.151020718496774,4.400298313605003,34.30962343096235,33.054393305439326,32.63598326359833,3.0710113149048257,5.144072687903055,7.513750368396846,717.0,12.0,2,Exp2_Real_to_Real,Real_Only_Baseline,Severity_Tercile
0.0,0.23589194004502084,305.4529894677471,1.4381527485283432,45.467224546722456,30.125523012552303,24.407252440725244,3.561738650500244,6.331162444961062,6.880992620170309,717.0,12.0,2,Exp2_Real_to_Real,Real_Only_Baseline,KMeans
-8.9272919572732,0.21947049223511397,264.73436260465866,1.5153243505236533,41.56206415620641,30.543933054393307,27.89400278940028,3.4746379684263,6.323268548648487,6.562968349797085,717.0,12.0,2,Exp3_Synth_to_Real,ZeroShot_Transfer,GMM
0.0,0.034890492587398944,61.721374120105004,3.782181146361135,32.77545327754533,27.475592747559276,39.74895397489539,3.0172930233436315,4.903503429895502,7.220272142208091,717.0,12.0,2,Exp3_Synth_to_Real,ZeroShot_Transfer,Severity_Tercile
0.0,0.2249562411532179,271.5067780878981,1.4879204248202924,40.0278940027894,31.938633193863318,28.03347280334728,3.3609804002165764,6.302184136130423,6.5921893267086995,717.0,12.0,2,Exp3_Synth_to_Real,ZeroShot_Transfer,KMeans
-8.571651194458358,0.21979261723954702,271.551139871203,1.5149379682056534,41.701534170153415,30.404463040446306,27.89400278940028,3.480020072153044,6.33206883767152,6.559572942591608,717.0,12.0,2,Exp4_Synth_Plus_Real_to_Real,Ratio_1:1,GMM
-8.715029537875271,0.21836592429783128,268.0604750296716,1.5194581984222184,41.42259414225941,30.683403068340308,27.89400278940028,3.4726990205512394,6.312937807460627,6.562968349797085,717.0,12.0,2,Exp4_Synth_Plus_Real_to_Real,Ratio_2:1,GMM
-8.799886369849515,0.21895660168227452,266.51877156017355,1.5177368247093186,41.56206415620641,30.543933054393307,27.89400278940028,3.4746379684263,6.323268548648487,6.562968349797085,717.0,12.0,2,Exp4_Synth_Plus_Real_to_Real,Ratio_4:1,GMM
-8.785679782398676,0.16837332148248596,2748.708180302424,1.8409595414443114,44.20289855072464,28.41485507246377,27.382246376811594,3.728940215658147,5.9508934971609415,5.999493362470776,11040.0,60.0,3,Exp1_Synth_to_Synth,Synthetic_Baseline,GMM
0.0,0.02960122420404506,709.4290197950555,4.459964108952506,33.58695652173913,33.731884057971016,32.68115942028986,3.202018443341621,4.916764137087662,6.878751539171176,11040.0,60.0,3,Exp1_Synth_to_Synth,Synthetic_Baseline,Severity_Tercile
0.0,0.18109349720275886,2881.025594553104,1.7614397841769172,45.072463768115945,28.21557971014493,26.711956521739133,3.641976370381901,6.038440345470292,6.12730874621719,11040.0,60.0,3,Exp1_Synth_to_Synth,Synthetic_Baseline,KMeans
-8.140648889890475,0.20381461928836847,272.6305395824839,1.5928161066972628,42.857142857142854,29.35064935064935,27.79220779220779,3.60396474515945,6.336259174851851,6.530281572511439,770.0,12.0,3,Exp2_Real_to_Real,Real_Only_Baseline,GMM
0.0,0.024472947573781562,47.51103440734619,4.228169261760485,30.77922077922078,38.701298701298704,30.519480519480517,3.0435789399641777,5.1131998481924334,7.547750776186083,770.0,12.0,3,Exp2_Real_to_Real,Real_Only_Baseline,Severity_Tercile
0.0,0.21972643159591318,286.1528672707659,1.5190180060853837,46.883116883116884,30.25974025974026,22.857142857142858,3.729243014766328,6.247872123414836,6.913478766194796,770.0,12.0,3,Exp2_Real_to_Real,Real_Only_Baseline,KMeans
-8.996668039313468,0.19715766746798455,243.40500686792373,1.6140378181758583,43.506493506493506,30.25974025974026,26.233766233766232,3.6316768775409116,6.293914828550279,6.612323202515667,770.0,12.0,3,Exp3_Synth_to_Real,ZeroShot_Transfer,GMM
0.0,0.026718142438391625,62.99837695978077,3.718798976184912,30.25974025974026,31.038961038961038,38.701298701298704,3.0237105842191663,4.890734062550826,7.199238888804938,770.0,12.0,3,Exp3_Synth_to_Real,ZeroShot_Transfer,Severity_Tercile
0.0,0.2074722578470976,255.08912041613704,1.5745470874172571,40.77922077922078,32.5974025974026,26.623376623376622,3.4823253130083116,6.219698992253709,6.654578539494117,770.0,12.0,3,Exp3_Synth_to_Real,ZeroShot_Transfer,KMeans
-8.667438696294642,0.1994725330795095,250.08745211739173,1.6031920494581289,44.675324675324674,29.48051948051948,25.844155844155843,3.6550093270195902,6.336323822399112,6.6488164811922,770.0,12.0,3,Exp4_Synth_Plus_Real_to_Real,Ratio_1:1,GMM
-8.79719718982142,0.19776538066919067,247.29652593329925,1.6126821217709324,43.506493506493506,29.740259740259738,26.75324675324675,3.62545053046781,6.32466502158021,6.582082418873788,770.0,12.0,3,Exp4_Synth_Plus_Real_to_Real,Ratio_2:1,GMM
-8.87776605583823,0.19753326086166997,246.10609833669452,1.6133842129565965,43.37662337662337,30.129870129870127,26.49350649350649,3.6261479046578504,6.300540844808763,6.597668234241323,770.0,12.0,3,Exp4_Synth_Plus_Real_to_Real,Ratio_4:1,GMM
-8.789951704125013,0.1673539254441842,2716.030439279827,1.854646514245191,44.039855072463766,28.795289855072465,27.164855072463766,3.732996782309321,5.921894242534637,6.045390401591862,11040.0,60.0,4,Exp1_Synth_to_Synth,Synthetic_Baseline,GMM
0.0,0.02784178218534633,705.5375804434142,4.451228874572263,32.608695652173914,34.07608695652174,33.315217391304344,3.17561814593223,4.908766711428104,6.853358421215596,11040.0,60.0,4,Exp1_Synth_to_Synth,Synthetic_Baseline,Severity_Tercile
0.0,0.17941217871301376,2841.2323012270717,1.7771151706430082,44.82789855072464,28.315217391304348,26.856884057971016,3.654601806267138,6.022065544079708,6.13627545934917,11040.0,60.0,4,Exp1_Synth_to_Synth,Synthetic_Baseline,KMeans
-8.208777339088966,0.2166344855649402,354.1165634283611,1.5292352108287355,41.70353982300885,30.199115044247787,28.097345132743364,3.498580068415528,6.344409720345237,6.831616420537981,904.0,12.0,4,Exp2_Real_to_Real,Real_Only_Baseline,GMM
0.0,0.03651454699815531,67.86712734460336,3.864306655397044,34.51327433628318,32.743362831858406,32.743362831858406,3.0666769984779054,5.145637439191714,7.791578394384112,904.0,12.0,4,Exp2_Real_to_Real,Real_Only_Baseline,Severity_Tercile
0.0,0.23100461233480607,370.84027313409246,1.4624182435959063,44.80088495575221,30.30973451327434,24.88938053097345,3.530274792474231,6.362844510205055,7.169059660068011,904.0,12.0,4,Exp2_Real_to_Real,Real_Only_Baseline,KMeans
-9.236693960194124,0.2060380052802397,314.7006223786668,1.566876516813655,40.48672566371682,30.973451327433626,28.539823008849556,3.472309868183257,6.307172853844801,6.78040813733308,904.0,12.0,4,Exp3_Synth_to_Real,ZeroShot_Transfer,GMM
0.0,0.030946142368895695,85.16273218103125,3.4710024215262236,32.743362831858406,26.216814159292035,41.03982300884956,3.004766096945272,4.8533205743422405,7.403157330050241,904.0,12.0,4,Exp3_Synth_to_Real,ZeroShot_Transfer,Severity_Tercile
0.0,0.21830118534928736,328.0598024412864,1.5139669496364545,40.04424778761062,32.07964601769911,27.876106194690266,3.357502784027436,6.312356328578993,6.905633996657584,904.0,12.0,4,Exp3_Synth_to_Real,ZeroShot_Transfer,KMeans
-8.881067412798457,0.2076715489320933,324.6919867577437,1.5641713924963696,40.81858407079646,30.973451327433626,28.207964601769913,3.4849449570373543,6.304784414274792,6.8036658239993155,904.0,12.0,4,Exp4_Synth_Plus_Real_to_Real,Ratio_1:1,GMM
-9.036580896452232,0.20803563080946005,320.97263871120515,1.5590317288248976,40.81858407079646,30.752212389380528,28.42920353982301,3.4800836173248997,6.323575548312534,6.786436782255948,904.0,12.0,4,Exp4_Synth_Plus_Real_to_Real,Ratio_2:1,GMM
-9.118207340513955,0.20643869826292985,317.9248937778662,1.5660850061548952,40.48672566371682,31.08407079646018,28.42920353982301,3.4750555613489045,6.299766981388161,6.786436782255948,904.0,12.0,4,Exp4_Synth_Plus_Real_to_Real,Ratio_4:1,GMM
-8.778632387564468,0.1651976201952922,2726.225944116045,1.8751142040883872,43.423913043478265,28.786231884057973,27.78985507246377,3.7431100293568824,5.901158187664104,6.019010571805394,11040.0,60.0,5,Exp1_Synth_to_Synth,Synthetic_Baseline,GMM
0.0,0.026734383846114235,691.1793963507272,4.507978228096818,32.59963768115942,34.048913043478265,33.35144927536232,3.1976013026343137,4.914936412238805,6.8390172660634985,11040.0,60.0,5,Exp1_Synth_to_Synth,Synthetic_Baseline,Severity_Tercile
0.0,0.17705327114251243,2853.5720062049486,1.792853876167644,44.1213768115942,28.432971014492754,27.445652173913043,3.652478053246744,6.002602922780764,6.115935136455002,11040.0,60.0,5,Exp1_Synth_to_Synth,Synthetic_Baseline,KMeans
-8.090025509552147,0.2199313546286312,282.1162742829384,1.5281593160056712,42.876344086021504,31.451612903225808,25.672043010752688,3.497647416469099,6.404151364307439,6.815590544121232,744.0,12.0,5,Exp2_Real_to_Real,Real_Only_Baseline,GMM
0.0,0.031909829489299234,51.168109471916175,4.116387854067405,35.08064516129033,30.107526881720432,34.81182795698925,3.091179190043465,5.10401757826871,7.590737578745959,744.0,12.0,5,Exp2_Real_to_Real,Real_Only_Baseline,Severity_Tercile
0.0,0.23457414172692992,291.4637642525913,1.4667469708305532,47.17741935483871,31.451612903225808,21.370967741935484,3.5997690380549265,6.393492237106305,7.273601403701783,744.0,12.0,5,Exp2_Real_to_Real,Real_Only_Baseline,KMeans
-9.074783785068664,0.21891795303910175,260.549168639914,1.5312314700963257,43.54838709677419,32.123655913978496,24.327956989247312,3.49846247449898,6.376047948872991,6.9542620856929505,744.0,12.0,5,Exp3_Synth_to_Real,ZeroShot_Transfer,GMM
0.0,0.03135097305716699,65.28171911015423,3.7059199167088597,33.19892473118279,26.747311827956988,40.053763440860216,3.0280257250554405,4.897099173638129,7.361253857000192,744.0,12.0,5,Exp3_Synth_to_Real,ZeroShot_Transfer,Severity_Tercile
0.0,0.22499113659082304,265.68809619470727,1.5073755650704153,42.876344086021504,32.795698924731184,24.327956989247312,3.428097460820327,6.384968092141,6.986759306876521,744.0,12.0,5,Exp3_Synth_to_Real,ZeroShot_Transfer,KMeans
-8.709950249172675,0.21976763992281884,267.4469391433595,1.5291289679694564,43.413978494623656,32.526881720430104,24.059139784946236,3.492012159679703,6.360401420169496,6.977439484755175,744.0,12.0,5,Exp4_Synth_Plus_Real_to_Real,Ratio_1:1,GMM
-8.853027445129467,0.21957577827746122,264.7158571328254,1.5304606467236315,43.68279569892473,31.989247311827956,24.327956989247312,3.4981265276099007,6.384851103569003,6.9591881486524745,744.0,12.0,5,Exp4_Synth_Plus_Real_to_Real,Ratio_2:1,GMM
-8.950120007076404,0.21902186684934935,262.5033291351378,1.5320854678894513,43.54838709677419,31.989247311827956,24.462365591397848,3.4968124337116286,6.384851103569003,6.942510702509603,744.0,12.0,5,Exp4_Synth_Plus_Real_to_Real,Ratio_4:1,GMM
